{
  "random_state": 42,
  "test_size": 0.2,
  "cv_folds": 5,
  "scoring": "roc_auc",
  "sklearn_version": "1.9.0",
  "n_train": 1176,
  "n_test": 294,
  "feature_count": 37,
  "models": [
    {
      "name": "logistic_regression",
      "best_params": {
        "classifier__C": 10.0,
        "classifier__solver": "lbfgs"
      },
      "cv_best_score": 0.8356148986525691,
      "train_metrics": {
        "accuracy": 0.8018707482993197,
        "precision": 0.4383954154727794,
        "recall": 0.8052631578947368,
        "f1": 0.5677179962894249,
        "roc_auc": 0.8876961673961781
      },
      "test_metrics": {
        "accuracy": 0.7721088435374149,
        "precision": 0.38372093023255816,
        "recall": 0.7021276595744681,
        "f1": 0.49624060150375937,
        "roc_auc": 0.8160909639073133
      },
      "model_path": "models/logistic_regression.joblib"
    },
    {
      "name": "decision_tree",
      "best_params": {
        "classifier__max_depth": 3,
        "classifier__min_samples_leaf": 1,
        "classifier__min_samples_split": 2
      },
      "cv_best_score": 0.7364795429583033,
      "train_metrics": {
        "accuracy": 0.8154761904761905,
        "precision": 0.449438202247191,
        "recall": 0.631578947368421,
        "f1": 0.5251641137855579,
        "roc_auc": 0.8095815095548201
      },
      "test_metrics": {
        "accuracy": 0.7517006802721088,
        "precision": 0.296875,
        "recall": 0.40425531914893614,
        "f1": 0.34234234234234234,
        "roc_auc": 0.6550951847704367
      },
      "model_path": "models/decision_tree.joblib"
    },
    {
      "name": "random_forest",
      "best_params": {
        "classifier__max_depth": null,
        "classifier__max_features": "log2",
        "classifier__min_samples_split": 2,
        "classifier__n_estimators": 300
      },
      "cv_best_score": 0.8081529967049603,
      "train_metrics": {
        "accuracy": 1.0,
        "precision": 1.0,
        "recall": 1.0,
        "f1": 1.0,
        "roc_auc": 1.0
      },
      "test_metrics": {
        "accuracy": 0.8197278911564626,
        "precision": 0.4,
        "recall": 0.2553191489361702,
        "f1": 0.3116883116883117,
        "roc_auc": 0.7647514859160996
      },
      "model_path": "models/random_forest.joblib"
    },
    {
      "name": "xgboost",
      "best_params": {
        "classifier__colsample_bytree": 0.8,
        "classifier__learning_rate": 0.05,
        "classifier__max_depth": 5,
        "classifier__n_estimators": 300,
        "classifier__subsample": 0.8
      },
      "cv_best_score": 0.8207799339912617,
      "train_metrics": {
        "accuracy": 1.0,
        "precision": 1.0,
        "recall": 1.0,
        "f1": 1.0,
        "roc_auc": 1.0
      },
      "test_metrics": {
        "accuracy": 0.8401360544217688,
        "precision": 0.5,
        "recall": 0.3191489361702128,
        "f1": 0.38961038961038963,
        "roc_auc": 0.765354466362305
      },
      "model_path": "models/xgboost.joblib"
    }
  ]
}